ref,title,author,lastRunTime,totalVotes

pjmathematician/rsna-knee-d4-blend,rsna-knee-d4-blend,pjmathematician,2026-09-28 00:14:17.553000,52

pjmathematician/rsna-knee-d4-lite,rsna-knee-d4-lite,pjmathematician,2026-09-26 03:02:33.197000,106

aastikrajan15/knee-s75-w50,knee s75 w50,Aastik Rajan15,2026-09-27 18:57:08.323000,41

aastikrajan15/knee-s75-w60,knee s75 w60,Aastik Rajan15,2026-09-27 18:57:08.423000,10

evgendvorkin/rsna-versia-5,RSNA_Versia_5,╨ö╨▓╨╛╤Ç╨║╨╕╨╜ ╨ò╨▓╨│╨╡╨╜╨╕╨╣ ╨Æ╨╗╨░╨┤╨╕╨╝╨╕╤Ç╨╛╨▓╨╕╤ç,2026-09-26 21:27:42.893000,254

jiweiliu/rsna-knee-fast-2xt4-inference,RSNA Knee Fast 2xT4 Inference,Jiwei Liu,2026-09-23 21:53:54.683000,198

mattiaangeli/bend-the-knee-to-speedy-raptors-the-original,Bend the Knee to Speedy Raptors-The Original Γ¡ÉΓ¡ÉΓ¡ÉΓ¡ÉΓ¡É,Mattia Angeli,2026-09-22 18:48:32.403000,191

romantamrazov/rsna-knee-dinosaur-v5,RSNA Knee | DINOsaur V5? ≡ƒªû ,Roman Tamrazov,2026-09-29 13:49:56.103000,113

haideptry/rsna-knee-speedy-raptors-coatnet-d4-0943,RSNA Knee Speedy Raptors CoAtNet D4 0943+,haideptry,2026-09-24 07:59:27.227000,66

maverickss26/rsna-knee-restructured-version-3,rsna knee restructured version 3,maverick_ss_26,2026-09-22 12:55:34.450000,44

hyakumanben2025/rsna-knee-mattiaangeli-speedy-raptors,rsna-knee-mattiaangeli-speedy-raptors,τÖ╛Σ╕çΘüì2025,2026-09-22 13:12:50.620000,11

aastikrajan15/knee-s74-c,knee s74 c,Aastik Rajan15,2026-09-22 23:04:11.380000,1

hyakumanben2025/rsna-knee-mattiaangeli-speedy-raptors-v2,rsna-knee-mattiaangeli-speedy-raptors-v2,τÖ╛Σ╕çΘüì2025,2026-09-23 16:19:49.473000,4

kozykappa/rsna-knee-v600-lb-score-0-942,RSNA Knee v600 - lb score 0.942,Kydyrbek Kozykorpesh,2026-09-28 15:01:14.803000,2

gwey1025/rsna-knee-phase1-fork-speedy-raptors-recipe,RSNA Knee Phase1 Fork (Speedy Raptors recipe),wenyuan Guo,2026-09-24 06:59:29.727000,5

indarkarhana/high-ranked-0-943-rsna-knee-d4-fine-tuned-v5,High-Ranked 0.943 | RSNA Knee D4 + Fine-Tuned v5,Indar Karhana,2026-09-27 22:22:19.647000,2

amanatar/rsna-knee-abnormality-detection,RSNA Knee Abnormality Detection,Aman Atar,2026-09-30 01:53:31.267000,16

yamadan96/rsna-knee-d4-public0946,rsna-knee-d4-public0946,yamadan96,2026-09-30 05:39:15.483000,22

yamadan96/rsna-knee-rad-noexclude,rsna-knee-rad-noexclude,yamadan96,2026-09-28 12:00:56.640000,2

sushanthtiruvaipati/rsna-knee-0943-sota-d4-global96,rsna-knee-0943-sota-d4-global96,Sushanth Tiruvaipati,2026-09-30 03:20:44.297000,1

andreluizpedroso/rsna-knee-tony-rank-ensemble,rsna-knee-tony-rank-ensemble,Andr├⌐ Luiz Pedroso,2026-09-29 14:45:58.270000,30

maverickss26/rsna-knee-0942-restructured,rsna-knee-0942-restructured,maverick_ss_26,2026-09-20 03:19:04.647000,174

nobuwlnter/e1-speedy-raptors-repro,E1 SPEEDY RAPTORS REPRO,Winter,2026-09-21 14:11:21.447000,1

kjy666/bend-the-knee-to-speedy-raptors,Bend the Knee to Speedy Raptors,okok_jy,2026-09-20 09:43:01.427000,7

valentinonguyen/knee-sub-radfracture942,knee sub radfracture942,Duc-Anh Nguyen,2026-09-23 08:44:49.133000,0

valentinonguyen/knee-sub-dinov9-routing,knee sub dinov9 routing,Duc-Anh Nguyen,2026-09-23 08:56:04.007000,0

kolyaflexcu/rsna-knee-speedy947,rsna-knee-speedy947,NikolaiLeukhin,2026-09-24 11:12:13.297000,0

mtoshidesu/test-rsna-knee-0942-restructured,Test rsna-knee-0942-restructured,m-toshi desu,2026-09-30 01:08:35.360000,0

prvsiyan/the-bee-s-knees-final-rsna-push,The bee's knees - final RSNA push,prvsiyan,2026-09-19 18:51:49.220000,82

mattiaangeli/bend-the-knee-to-the-dinosaurs,Bend the Knee to the Dinosaurs,Mattia Angeli,2026-09-14 08:41:32.963000,288

renta0426/rsna-knee-hybrid-raptor-meniscus-specialist,RSNA Knee | Hybrid Raptor + Meniscus Specialist,renta.k,2026-09-10 00:50:08.380000,39

vaihero/rsna-knee-rentafork,rsna-knee-rentafork,Vaibhav Gupta,2026-09-10 12:23:42.220000,20

vaihero/rsna-knee-rentanorev,rsna-knee-rentanorev,Vaibhav Gupta,2026-09-12 00:04:50.853000,9

starkhushi/rsna-knee-why-public-forks-stop-at-0-941,RSNA Knee | Why Public Forks Stop at 0.941,starkhushi,2026-09-19 07:17:47.380000,11

valentinonguyen/knee-sub-tonyrank,knee sub tonyrank,Duc-Anh Nguyen,2026-09-13 13:08:04.807000,6

ayodejiibrahimlateef/rsna-knee-a01-mattia-current-public,RSNA Knee A01 Mattia current public,Ayodeji,2026-09-12 03:22:42.297000,9

ayodejiibrahimlateef/rsna-knee-a02-maverick-0941-restructured,RSNA Knee A02 Maverick 0941 restructured,Ayodeji,2026-09-12 03:22:47.110000,7

elshahed/stark-p22,stark p22,THREEOFOUR,2026-09-12 14:30:56.857000,8

elshahed/stark-p22-v9,stark p22 v9,THREEOFOUR,2026-09-13 06:01:01.563000,2

elshahed/stark-p22-v4,stark p22 v4,THREEOFOUR,2026-09-13 06:02:08.203000,3

ricecakar/rsna-knee-public-0-941-control,RSNA Knee public 0.941 control,Justin Cao,2026-09-13 08:41:18,1

valentinonguyen/knee-sub-control,knee sub control,Duc-Anh Nguyen,2026-09-13 13:08:01.117000,1

hyakumanben2025/rsna-knee-mattiaangeli-live-repro-v2,rsna-knee-mattiaangeli-live-repro-v2,τÖ╛Σ╕çΘüì2025,2026-09-13 16:37:41.427000,1

yamadan96/rsna-knee-bk1-fork,rsna knee bk1 fork,yamadan96,2026-09-13 16:39:47.427000,2

yamadan96/rsna-knee-ar2-fork,rsna knee ar2 fork,yamadan96,2026-09-13 18:18:33.407000,1

beraterolelk/0-941-sota-rsna-knee-dinov2-radimagenet,≡ƒ⌐╗ [0.941 SOTA] RSNA Knee DinoV2 & RadImageNet,Berat Erol ├çEL─░K,2026-09-29 09:27:38.440000,29

valentinonguyen/knee-sub-ar2combo,knee sub ar2combo,Duc-Anh Nguyen,2026-09-14 08:44:30.187000,0

valentinonguyen/knee-sub-band32w15,knee sub band32w15,Duc-Anh Nguyen,2026-09-14 17:57:03.653000,1

valentinonguyen/knee-sub-band32w08,knee sub band32w08,Duc-Anh Nguyen,2026-09-14 17:57:07.913000,0

ricardopaizinho/rsna-knee-fast-2xt4-inference,RSNA Knee Fast 2xT4 Inference,Ricardo Paizinho,2026-09-15 02:23:19.533000,0

beraterolelk/rsna-v2-seed7-ensemble-leg-0-941-base,RSNA v2 Seed7 Ensemble Leg (0.941 base),Berat Erol ├çEL─░K,2026-09-15 18:57:46.827000,2

mtitoadhip/rsna-knee-941-jwl-fast,rsna knee 941 jwl fast,M. Tito Adhi P.,2026-09-15 19:59:28.697000,0

tsuyu122/rsna-knee-0-941-public-checkpoints-audit,RSNA Knee 0.941 Public Checkpoints Audit,tsuyu122,2026-09-15 21:11:46.047000,2

nobuwlnter/rsna-knee-fast-2xt4-original,RSNA Knee Fast 2xT4 Original,Winter,2026-09-16 09:53:39.030000,2

ricecakar/rsna-knee-941-dino2pf,RSNA Knee 941 dino2pf,Justin Cao,2026-09-16 15:36:46.747000,0

apilkhadka/rsna-knee-a01-candidate,RSNA Knee A01 Candidate,Apil Khadka,2026-09-16 17:17:15.680000,2

yamadan96/rsna-knee-fh3-fork,rsna knee fh3 fork,yamadan96,2026-09-17 05:26:44.217000,0

kolyaflexcu/rsna-knee-plateau-base,rsna-knee-plateau-base,NikolaiLeukhin,2026-09-17 12:39:30.670000,7

kolyaflexcu/rsna-knee-raptor-v9,rsna-knee-raptor-v9,NikolaiLeukhin,2026-09-17 20:14:08.520000,1

rjings/rsna-knee-frontier-rad-fusion-w04-20260918,RSNA Knee Frontier Rad Fusion w04 20260918,Nut_RJ,2026-09-19 02:45:00.617000,0

rushmanthnalluri/rsna-knee-abnormality-detection,RSNA Knee Abnormality Detection,RUSHMANTH NALLURI,2026-09-18 07:06:23.267000,0

rafanikitas/bend-the-knee-to-the-dinosaurs,Bend the Knee to the Dinosaurs,Nikitas Rafael Nikitas,2026-09-18 10:45:48.180000,0

luonmayman/rsna-knee-0941-probe22,rsna-knee-0941-probe22,Luon may Man,2026-09-18 17:48:02.117000,0

luonmayman/rsna-knee-0941-probe22-v8rev,rsna-knee-0941-probe22-v8rev,Luon may Man,2026-09-18 17:53:15.173000,0

yamadan96/rsna-knee-subg,rsna knee subG,yamadan96,2026-09-19 02:36:22.603000,0

akhyar2612/0-942-updated,0.942 updated,Akhyar Ahmad,2026-09-19 03:30:40.523000,1

luonmayman/knee-probe42-cpu-smoke,knee probe42 cpu smoke,Luon may Man,2026-09-22 06:08:07.217000,2

narisettichaitanya/rsna-knee-public941-control,rsna-knee-public941-control,Narisetti Chaitanya naidu,2026-09-30 09:11:38.397000,0

heon29/rsna-knee-blend-0941-hedge,RSNA Knee Blend 0941 hedge,L├¬ Bß║úo,2026-09-26 11:17:07.497000,0

tonylica/rsna-knee-dino-radimagenet-rank-ensemble,RSNA Knee DINO-RadImageNet Rank Ensemble,Tony Li,2026-09-12 19:50:30.323000,99

renta0426/rsna-knee-hybrid-raptor-lateral-meniscus-r100,RSNA Knee | Hybrid Raptor | Lateral Meniscus R100,renta.k,2026-09-08 00:13:15.883000,37

dionotdumb/rsna-knee,RSNA Knee,Dionotdumb,2026-09-13 13:32:47.767000,2

ask812/bee-knees-fork-v1,Bee Knees Fork V1,Arnav Kshirsagar,2026-09-10 11:46:34.637000,3

vaihero/rsna-knee-rentanov8,rsna-knee-rentanov8,Vaibhav Gupta,2026-09-12 09:22:45.037000,0

tamerlanomralinov/rsna-baseline,RSNA Baseline,Tamerlan Omralinov,2026-09-15 17:56:42.527000,11

vaihero/rsna-knee-effv1,rsna-knee-effv1,Vaibhav Gupta,2026-09-13 09:18:33.457000,14

yamadan96/rsna-knee-ev1-fork,rsna knee ev1 fork,yamadan96,2026-09-13 16:40:38.687000,0

yamadan96/rsna-knee-ar1-fork,rsna knee ar1 fork,yamadan96,2026-09-13 17:36:22.810000,0

hyakumanben2025/rsna-knee-mattiaangeli-live-repro-v3,rsna-knee-mattiaangeli-live-repro-v3,τÖ╛Σ╕çΘüì2025,2026-09-14 15:58:45.923000,0

mtitoadhip/knee-sub-tonyrank,knee sub tonyrank,M. Tito Adhi P.,2026-09-15 16:26:29.163000,1

apilkhadka/rsna-knee-a05-mattia-e10-rank-candidate,RSNA Knee A05 Mattia E10 Rank Candidate,Apil Khadka,2026-09-17 02:32:06.227000,0

yamadan96/rsna-knee-sube,rsna knee subE,yamadan96,2026-09-18 03:03:23.533000,0

yamadan96/rsna-knee-subs,rsna knee subS,yamadan96,2026-09-18 03:03:27.997000,0

yamadan96/rsna-knee-subd2,rsna knee subd2,yamadan96,2026-09-18 04:40:59.800000,0

luonmayman/rsna-knee-probe22-v16-overlay,rsna-knee-probe22-v16-overlay,Luon may Man,2026-09-19 08:23:52.417000,0

luonmayman/rsna-knee-0941-probe22-flip,rsna-knee-0941-probe22-flip,Luon may Man,2026-09-19 17:15:28.547000,1

qiuqiuh/rsna-knee-silver-v28-base-b3-blend,RSNA Knee Silver v28 Base B3 Blend,qiuqiu,2026-09-22 04:44:19.007000,0

jefferyjeromeharris/rsna-knee-dino-ensemble,RSNA Knee DINO Ensemble,Jeffery Jerome Harris,2026-09-27 03:16:51.627000,0

ricecakar/rsna-knee-941-fit-band32,RSNA Knee 941 fit band32,Justin Cao,2026-09-13 20:42:43.387000,0

valentinonguyen/knee-sub-fitband32,knee sub fitband32,Duc-Anh Nguyen,2026-09-14 08:41:14.510000,0

ricecakar/rsna-knee-941-dino2pf-leg,RSNA Knee 941 dino2pf leg,Justin Cao,2026-09-16 15:36:17.683000,0

luonmayman/rsna-knee-v2-ensemble-0941-restructured,RSNA Knee v2 ensemble (0941 restructured),Luon may Man,2026-09-18 07:24:04.637000,0

yamadan96/rsna-knee-subf,rsna knee subf,yamadan96,2026-09-18 04:40:35.977000,0

mekduy/rsna-fast-parent-0-957-public,RSNA Fast Parent 0.957 Public,mekduy,2026-09-22 16:15:13.787000,0

fuadmuhammad/rsna-knee-fast-parent-0-957-v2,RSNA Knee Fast Parent 0.957 v2,fuad,2026-09-23 03:59:15.557000,20

amanatar/rsna-knee-dinov2-targetweights,RSNA Knee DINOv2 TargetWeights,Aman Atar,2026-09-12 14:51:44.843000,2

prvsiyan/head-and-shoulders-knees-and-toes,"Head and shoulders, knees and toes",prvsiyan,2026-09-17 09:09:49.643000,200

romantamrazov/rsna-knee-dinosaur-v4,RSNA Knee | DINOsaur V4 ≡ƒªû ,Roman Tamrazov,2026-09-07 16:30:56.230000,168

renta0426/rsna-knee-0-937-weak-label-dinov2-meniscus-resid,RSNA Knee 0.937 | Weak-Label DINOv2 Meniscus Resid,renta.k,2026-09-04 02:57:29.593000,61

hyakumanben2025/rsna-knee-0937-meniscus-resid-repro,RSNA Knee 0937 Meniscus Resid Repro,τÖ╛Σ╕çΘüì2025,2026-09-04 16:08:30.630000,42

