lang,ACL,Meniscus,Collateral lig.,Effusion,Baker,Fracture,Contusion/edema,n
cyrillic,0.99,0.99,0.97,0.95,0.0,0.0,0.09,220
de,0.28,0.98,0.48,0.68,0.29,0.2,0.79,261
en,0.88,0.99,0.62,0.93,0.62,0.36,0.62,1717
es,0.14,0.75,0.54,0.67,0.1,0.09,0.44,657
fr,1.0,0.0,0.0,0.99,0.54,0.41,0.17,78
greek,0.91,0.99,0.46,0.0,0.33,0.08,0.16,321
hr/bs/sr,0.98,1.0,0.96,0.88,0.9,0.05,0.34,406
nl,0.93,0.94,0.12,0.0,0.38,0.14,0.68,151
tr,1.0,0.99,0.65,0.95,0.23,0.02,0.52,568
unknown,0.0,0.11,0.0,0.39,0.0,0.11,0.07,28
