,n_studies
AFx1 Cnx1 CFx1 Snx1 SFx1,1747
AFx1 CFx1 Snx1 SFx1,475
AFx1 Cnx2 CFx1 Snx1 SFx1,290
AFx1 CFx1 Snx1 SFx2,228
Anx1 AFx1 CFx1 Snx2,203
Anx2 AFx1 Cnx1 CFx1 Snx1 SFx1,166
AFx1 Cnx1 Snx1 SFx1,104
AFx2 Cnx1 CFx1 Snx1 SFx1,104
AFx1 Cnx1 CFx1 Snx2 SFx1,96
Anx1 AFx1 Cnx2 CFx2 Snx2 SFx1,94
AFx1 Cnx1 CFx1 SFx1,90
AFx1 Cnx1 CFx1 Snx1 SFx2,80
AFx1 Cnx1 CFx1 Snx2 SFx2,61
AFx2 Cnx1 Snx1 SFx1,50
Anx1 AFx1 Cnx1 CFx2 Snx2 SFx1,50
Anx2 AFx1 Cnx2 CFx2 Snx2 SFx1,42
Anx1 AFx1 Cnx1 CFx1 Snx1 SFx1,38
Anx1 AFx1 Cnx2 CFx1 Snx2 SFx1,29
AFx1 Cnx1 CFx2 Snx3 SFx2,27
AFx1 Cnx1 CFx1 SFx2,20
Anx1 AFx1 Cnx1 CFx1 Snx2 SFx1,17
Anx2 AFx1 Cnx1 CFx2 Snx2 SFx1,15
Anx1 AFx1 Cnx1 CFx1 Snx2,15
Anx1 AFx1 CFx1 Snx2 SFx1,13
AFx1 Cnx1 CFx2 Snx1 SFx1,13
Anx1 AFx1 Cnx1 CFx1 SFx1,13
AFx1 CFx2 Snx1 SFx1,11
Anx2 AFx1 Cnx1 CFx1 Snx1 SFx2,10
AFx2 Cnx1 CFx1 Snx2 SFx1,10
AFx2 Cnx2 CFx2 Snx2 SFx2,10
Anx2 AFx1 Cnx2 CFx1 Snx2 SFx1,10
AFx2 CFx1 Snx1 SFx1,9
Anx1 AFx2 Cnx1 CFx1 Snx2 SFx1,9
Anx2 AFx1 Cnx1 CFx1 Snx2 SFx1,9
Anx1 AFx2 Cnx2 CFx1 Snx2 SFx1,8
AFx2 CFx2 Snx2 SFx2,8
AFx2 Cnx2 CFx1 Snx1 SFx1,8
Anx1 AFx2 CFx1 Snx2,7
Anx1 AFx1 CFx2 Snx2,7
AFx2 CFx1 Snx1 SFx2,6
AFx1 Cnx2 CFx1 Snx2 SFx1,6
Anx1 AFx1 CFx1 Snx1 SFx2,5
AFx1 CFx1 Snx2 SFx1,5
AFx1 Cnx1 CFx2 Snx2 SFx2,5
Anx1 AFx1 Cnx1 CFx3 Snx2 SFx1,5
AFx1 Cnx2 CFx2 Snx1 SFx1,5
AFx1 Cnx1 CFx1 Snx3 SFx1,5
AFx1 Cnx1 CFx1 Snx2,5
AFx3 Cnx1 CFx1 Snx1 SFx1,5
Anx2 AFx2 Cnx2 CFx1 Snx2 SFx1,4
Anx2 AFx1 Cnx2 CFx3 Snx2 SFx1,4
Anx1 AFx2 Cnx1 CFx2 Snx2 SFx1,4
AFx1 Cnx1 CFx1 Snx3 SFx2,4
AFx2 Cnx1 CFx1 Snx2 SFx2,3
AFx1 Cnx1 CFx2 Snx3 SFx3,3
Anx1 AFx1 Cnx1 CFx1 SFx2,3
AFx1 CFx1 Snx2,3
Anx1 AFx1 CFx1 Snx3,3
AFx1 Cnx2 CFx1 Snx1 SFx2,3
AFx1 Cnx1 CFx1 Snx1,3
AFx2 Cnx1 CFx1 Snx1 SFx2,3
Anx1 AFx2 Cnx2 CFx2 Snx2 SFx1,3
Anx2 AFx1 CFx1 Snx2,3
AFx1 Cnx1 CFx2 Snx1 SFx2,2
Anx2 AFx1 Cnx2 CFx1 SFx1,2
AFx1 Cnx2 Snx1 SFx1,2
AFx2 Cnx1 CFx2 Snx1 SFx1,2
AFx1 Cnx1 CFx2 Snx2 SFx1,2
Anx1 AFx2 CFx2 Snx2,2
AFx1 Cnx2 CFx1 SFx2,2
AFx2 Cnx2 CFx1 Snx1 SFx2,2
Anx2 AFx1 Cnx1 CFx2 Snx1 SFx1,2
Anx1 AFx1 Cnx3 CFx1 Snx2 SFx1,2
AFx1 Cnx2 CFx1 SFx1,2
Anx2 AFx1 Cnx2 CFx1 Snx1 SFx1,2
AFx1 Cnx1 CFx2 SFx2,2
Anx1 AFx1 Cnx2 CFx1 Snx3 SFx1,2
Anx2 AFx2 Cnx1 CFx1 Snx1 SFx1,2
AFx2 Cnx1 CFx1 SFx1,2
AFx1 Cnx3 CFx1 Snx1 SFx1,2
AFx2 Cnx2 CFx1 Snx3 SFx1,1
Anx3 AFx2 Cnx1 CFx1 Snx2 SFx2,1
AFx3 Cnx2 CFx2 Snx2 SFx2,1
Anx5 AFx1 Cnx3 CFx1 Snx1 SFx1,1
AFx2 Cnx1 CFx2 Snx2 SFx1,1
Anx2 AFx1 CFx1 Snx1 SFx1,1
Anx1 AFx3 Cnx1 CFx1 Snx2 SFx1,1
Anx2 AFx1 Cnx1 CFx3 Snx2 SFx1,1
Anx1 AFx1 Cnx1 CFx2 Snx1 SFx1,1
Anx3 AFx1 Cnx2 CFx1 Snx2 SFx1,1
AFx3 Cnx1 Snx1 SFx1,1
Anx1 AFx1 CFx1 Snx2 SFx2,1
Anx3 AFx1 Cnx2 CFx2 Snx3 SFx1,1
Anx1 AFx2 Cnx2 CFx1 Snx1 SFx2,1
Anx2 AFx1 Cnx1 CFx2 Snx3 SFx2,1
AFx1 Cnx3 CFx1 Snx2 SFx1,1
AFx2 Cnx2 CFx3 Snx1 SFx1,1
AFx2 CFx1 Snx1 SFx3,1
Anx1 AFx2 CFx1 Snx1,1
Anx1 AFx3 CFx2 Snx2,1
Anx2 AFx1 Cnx1 CFx2 Snx3 SFx1,1
Anx2 AFx2 Cnx1 CFx2 Snx2 SFx1,1
Anx1 AFx2 Cnx1 CFx1 Snx1 SFx1,1
AFx2 Cnx1 CFx2 Snx2 SFx2,1
AFx1 CFx1 Snx1,1
Anx2 AFx1 Cnx3 CFx1 Snx3 SFx1,1
AFx1 Cnx1 CFx1 Snx1 SFx3,1
AFx1 CFx2 Snx1 SFx2,1
AFx1 Cnx2 CFx3 Snx2 SFx1,1
Anx1 AFx1 Cnx1 CFx2 SFx1,1
Anx4 AFx1 Cnx2 CFx1 Snx4 SFx1,1
Anx3 AFx1 Cnx2 CFx1 Snx3 SFx1,1
Anx6 AFx1 Cnx2 CFx1 Snx1 SFx1,1
AFx2 Cnx2 CFx2 SFx2,1
AFx1 Cnx2 CFx1 Snx2 SFx2,1
Anx2 AFx1 Cnx1 CFx1 Snx2,1
Anx2 AFx2 Cnx2 CFx2 Snx2 SFx1,1
Anx5 AFx1 Cnx2 CFx1 Snx3 SFx1,1
Anx1 AFx1 Cnx1 Snx1 SFx2,1
Anx1 AFx3 Cnx2 CFx2 Snx2 SFx1,1
AFx2 CFx2 Snx1 SFx1,1
Anx1 AFx1 Cnx1 CFx3 Snx2 SFx2,1
Anx1 AFx1 Cnx2 CFx3 Snx2 SFx2,1
Anx2 AFx1 CFx1 Snx2 SFx1,1
Anx3 AFx1 CFx1 Snx1 SFx1,1
Anx1 AFx2 Cnx3 CFx1 Snx2 SFx1,1
AFx2 Cnx2 CFx2 Snx4 SFx2,1
Anx2 AFx1 CFx2 Snx2,1
Anx1 AFx1 Cnx2 CFx1 SFx1,1
Anx1 AFx2 Cnx1 CFx4 Snx2 SFx1,1
Anx1 AFx2 Cnx2 CFx1 Snx2 SFx2,1
Anx1 AFx3 Cnx1 CFx3 Snx2 SFx1,1
AFx2 Cnx1 CFx2 Snx3 SFx2,1
Anx1 AFx3 Cnx1 CFx2 Snx2 SFx2,1
Anx1 AFx1 Cnx1 CFx1 Snx2 SFx2,1
Anx5 AFx1 Cnx2 CFx1 Snx2 SFx1,1
Anx3 AFx2 Cnx2 CFx2 Snx4 SFx1,1
Anx2 AFx2 Cnx1 CFx1 Snx3 SFx1,1
AFx2 Cnx1 CFx1 Snx3 SFx1,1
Anx5 AFx1 Cnx1 CFx1 Snx2 SFx1,1
Anx1 AFx1 Cnx2 CFx2 Snx2 SFx2,1
AFx1 Cnx1 CFx2 Snx4 SFx2,1
Anx1 AFx2 Cnx2 CFx3 Snx2 SFx1,1
AFx1 Cnx3 CFx2 Snx1 SFx1,1
AFx3 Cnx1 CFx1 Snx2 SFx1,1
AFx2 Cnx2 CFx1 SFx1,1
Anx1 AFx1 CFx2 Snx1,1
Anx1 AFx3 Cnx2 CFx1 Snx1 SFx1,1
Anx2 AFx2 Cnx1 CFx1 Snx2 SFx1,1
Anx2 AFx1 Cnx2 CFx2 Snx3 SFx1,1
AFx2 Cnx2 CFx2 Snx2 SFx3,1
Anx1 AFx2 Cnx2 CFx2 Snx3 SFx1,1
Anx1 AFx1 CFx2 Snx1 SFx1,1
Anx1 AFx1 Cnx2 CFx3 Snx2 SFx1,1
Anx3 AFx1 Cnx1 CFx1 Snx1 SFx1,1
AFx1 Cnx2 CFx2 Snx2 SFx2,1
Anx1 AFx2 Cnx1 CFx1 SFx1,1
Anx1 AFx2 Cnx1 Snx1 SFx1,1
AFx1 Cnx2 CFx2 Snx4 SFx2,1
